{"cameraMode":{"drawMode":0,"name":"Shaded","section":"Shading Mode"},"sceneLighting":true,"audioPlay":false,"sceneViewState":{"showFog":true,"showMaterialUpdate":false,"showSkybox":true,"showFlares":true,"showImageEffects":true,"showParticleSystems":true,"showVisualEffectGraphs":true,"m_FxEnabled":true},"in2DMode":false,"pivot":{"x":-2.9009482860565187,"y":1.830171823501587,"z":0.4154873788356781},"rotation":{"x":0.13665084540843965,"y":0.2896493673324585,"z":-0.041822098195552829,"w":0.9464049935340881},"size":1.3265806436538697,"orthographic":true}