{"cameraMode":{"drawMode":0,"name":"Shaded","section":"Shading Mode"},"sceneLighting":false,"audioPlay":false,"sceneViewState":{"showFog":true,"showMaterialUpdate":false,"showSkybox":false,"showFlares":true,"showImageEffects":true,"showParticleSystems":true,"showVisualEffectGraphs":true,"m_FxEnabled":true},"in2DMode":false,"pivot":{"x":0.3803589344024658,"y":0.7500607371330261,"z":-0.1566230058670044},"rotation":{"x":-0.04014033451676369,"y":0.9501461386680603,"z":-0.13777469098567964,"w":-0.27682262659072878},"size":1.3125168085098267,"orthographic":false}